insert into user (email, password, upicture, uname, apihashtag, inputhastag, goal) values ('email@naver.com','1234','프로필사진','닉네임','#자동차대출#부동산대출','#제네시스G70','1억');
insert into user (email, password, upicture, uname, apihashtag, inputhastag, goal) values ('abc@naver.com','1234','프로필사진','닉네임','#예금#펀드','#쏘나타','10억');
insert into user (email, password, upicture, uname, apihashtag, inputhastag, goal) values ('hihi@naver.com','1234','프로필사진','닉네임','#적금#부동산대출','#그랜저','5억');

insert into account(account_no,UID) values(987654321,1);
insert into account(account_no,UID) values(543123145,1);
insert into account(account_no,UID) values(223456654,1);


insert into deal (tran_date, tran_time, inout_type, tran_type, print_content, tran_amt, after_balance_amt, branch_name, account_no) values(now(),'010101','입금','급여','oo상여금','200000000','50000000','KB분당정자점', 987654321);
insert into deal (tran_date, tran_time, inout_type, tran_type, print_content, tran_amt, after_balance_amt, branch_name, account_no) values('2019-06-27','010101','입금','급여','월급','250000000','70000000','KB분당정자점', 987654321);
insert into deal (tran_date, tran_time, inout_type, tran_type, print_content, tran_amt, after_balance_amt, branch_name, account_no) values('2019-06-26','015101','입금','투자','00펀드','100000000','30000000','KB분당정자점', 987654321);
insert into deal (tran_date, tran_time, inout_type, tran_type, print_content, tran_amt, after_balance_amt, branch_name, account_no) values(now(),'015101','출금','통신','통신료','2000000','4000000','KB분당정자점', 987654321);   
insert into deal (tran_date, tran_time, inout_type, tran_type, print_content, tran_amt, after_balance_amt, branch_name, account_no) values('2019-06-27','010101','출금','공과금','전기세','3000000','7000000','KB분당정자점', 987654321);
insert into deal (tran_date, tran_time, inout_type, tran_type, print_content, tran_amt, after_balance_amt, branch_name, account_no) values('2019-06-26','010101','출금','임대료','임대료','5000000','1000000','KB분당정자점', 987654321);
insert into deal (tran_date, tran_time, inout_type, tran_type, print_content, tran_amt, after_balance_amt, branch_name, account_no) values('2019-06-10','010101','출금','통신','통신료','5000000','15000000','KB분당정자점', 987654321);
insert into deal (tran_date, tran_time, inout_type, tran_type, print_content, tran_amt, after_balance_amt, branch_name, account_no) values('2019-06-05','010101','출금','카드대금','KB카드 대금','2000000','15000000','KB분당정자점', 987654321);
insert into deal (tran_date, tran_time, inout_type, tran_type, print_content, tran_amt, after_balance_amt, branch_name, account_no) values('2019-06-15','010101','출금','임대료','임대료','1000000','5000000','KB분당정자점', 987654321);
insert into deal (tran_date, tran_time, inout_type, tran_type, print_content, tran_amt, after_balance_amt, branch_name, account_no) values('2019-06-12','010101','출금','대출','KB국민은행 대출이자','15000000','25000000','KB분당정자점', 987654321);
-------------------------------------------------------------------------------------------------------------
insert into deal (tran_date, tran_time, inout_type, tran_type, print_content, tran_amt, after_balance_amt, branch_name, account_no) values(now(),'010101','입금','급여','oo상여금','200000000','50000000','KB분당정자점', 543123145);
insert into deal (tran_date, tran_time, inout_type, tran_type, print_content, tran_amt, after_balance_amt, branch_name, account_no) values('2019-06-27','010101','입금','급여','월급','250000000','70000000','KB분당정자점', 543123145);
insert into deal (tran_date, tran_time, inout_type, tran_type, print_content, tran_amt, after_balance_amt, branch_name, account_no) values('2019-06-26','015101','입금','투자','00펀드','100000000','30000000','KB분당정자점', 543123145);
insert into deal (tran_date, tran_time, inout_type, tran_type, print_content, tran_amt, after_balance_amt, branch_name, account_no) values(now(),'015101','출금','공과금','수도세','2000000','4000000','KB분당정자점', 543123145);   
insert into deal (tran_date, tran_time, inout_type, tran_type, print_content, tran_amt, after_balance_amt, branch_name, account_no) values('2019-06-27','010101','출금','공과금','전기세','3000000','7000000','KB분당정자점', 543123145);
insert into deal (tran_date, tran_time, inout_type, tran_type, print_content, tran_amt, after_balance_amt, branch_name, account_no) values('2019-06-26','010101','출금','보험','보험료','5000000','1000000','KB분당정자점', 543123145);
insert into deal (tran_date, tran_time, inout_type, tran_type, print_content, tran_amt, after_balance_amt, branch_name, account_no) values('2019-06-10','010101','출금','통신','통신료','5000000','15000000','KB분당정자점', 543123145);
insert into deal (tran_date, tran_time, inout_type, tran_type, print_content, tran_amt, after_balance_amt, branch_name, account_no) values('2019-06-05','010101','출금','카드대금','KB카드 대금','2000000','15000000','KB분당정자점', 543123145);
insert into deal (tran_date, tran_time, inout_type, tran_type, print_content, tran_amt, after_balance_amt, branch_name, account_no) values('2019-06-10','010101','출금','임대료','임대료','1000000','5000000','KB분당정자점', 543123145);
insert into deal (tran_date, tran_time, inout_type, tran_type, print_content, tran_amt, after_balance_amt, branch_name, account_no) values('2019-06-01','010101','출금','대출','KB국민은행 대출이자','15000000','25000000','KB분당정자점', 543123145);
--------------------------------------------------------------------------------------------------------
insert into deal (tran_date, tran_time, inout_type, tran_type, print_content, tran_amt, after_balance_amt, branch_name, account_no) values(now(),'010101','입금','급여','oo상여금','200000000','50000000','KB분당정자점',  223456654);
insert into deal (tran_date, tran_time, inout_type, tran_type, print_content, tran_amt, after_balance_amt, branch_name, account_no) values('2019-06-27','010101','입금','급여','월급','250000000','70000000','KB분당정자점',  223456654);
insert into deal (tran_date, tran_time, inout_type, tran_type, print_content, tran_amt, after_balance_amt, branch_name, account_no) values('2019-06-26','015101','입금','채권','00채권형','100000000','30000000','KB분당정자점',  223456654);
insert into deal (tran_date, tran_time, inout_type, tran_type, print_content, tran_amt, after_balance_amt, branch_name, account_no) values(now(),'015101','출금','공과금','수도세','154000','40000','KB분당정자점', 543123145);   
insert into deal (tran_date, tran_time, inout_type, tran_type, print_content, tran_amt, after_balance_amt, branch_name, account_no) values('2019-06-27','010101','출금','적금','KB종합통장-보통적금','250000','700000','KB분당정자점', 543123145);
insert into deal (tran_date, tran_time, inout_type, tran_type, print_content, tran_amt, after_balance_amt, branch_name, account_no) values('2019-06-26','010101','출금','보험','보험료','770000','100000','KB분당정자점', 543123145);
insert into deal (tran_date, tran_time, inout_type, tran_type, print_content, tran_amt, after_balance_amt, branch_name, account_no) values('2019-06-10','010101','출금','통신','통신료','800000','1550000','KB분당정자점', 543123145);
insert into deal (tran_date, tran_time, inout_type, tran_type, print_content, tran_amt, after_balance_amt, branch_name, account_no) values('2019-06-05','010101','출금','기타','인건비','2700000','18000000','KB분당정자점', 543123145);
insert into deal (tran_date, tran_time, inout_type, tran_type, print_content, tran_amt, after_balance_amt, branch_name, account_no) values('2019-06-10','010101','출금','임대료','임대료','1520000','5100000','KB분당정자점', 543123145);
insert into deal (tran_date, tran_time, inout_type, tran_type, print_content, tran_amt, after_balance_amt, branch_name, account_no) values('2019-06-01','010101','출금','적금','KB종합통장-저축예금료','180000','2500000','KB분당정자점', 543123145);
insert into deal (tran_date, tran_time, inout_type, tran_type, print_content, tran_amt, after_balance_amt, branch_name, account_no) values(now(),'010101','입금','급여','oo상여금','200000000','50000000','KB분당정자점', 123456789);
insert into deal (tran_date, tran_time, inout_type, tran_type, print_content, tran_amt, after_balance_amt, branch_name, account_no) values('2019-05-27','010101','입금','급여','월급','250000000','70000000','KB분당정자점', 123456789);
insert into deal (tran_date, tran_time, inout_type, tran_type, print_content, tran_amt, after_balance_amt, branch_name, account_no) values('2019-05-26','015101','입금','투자','00펀드','100000000','30000000','KB분당정자점', 123456789);
insert into deal (tran_date, tran_time, inout_type, tran_type, print_content, tran_amt, after_balance_amt, branch_name, account_no) values(now(),'015101','출금','통신','통신료','2000000','4000000','KB분당정자점', 123456789);   
insert into deal (tran_date, tran_time, inout_type, tran_type, print_content, tran_amt, after_balance_amt, branch_name, account_no) values('2019-05-27','010101','출금','공과금','전기세','3000000','7000000','KB분당정자점', 123456789);
insert into deal (tran_date, tran_time, inout_type, tran_type, print_content, tran_amt, after_balance_amt, branch_name, account_no) values('2019-05-26','010101','출금','임대료','임대료','5000000','1000000','KB분당정자점', 123456789);
insert into deal (tran_date, tran_time, inout_type, tran_type, print_content, tran_amt, after_balance_amt, branch_name, account_no) values('2019-05-10','010101','출금','통신','통신료','5000000','15000000','KB분당정자점', 123456789);
insert into deal (tran_date, tran_time, inout_type, tran_type, print_content, tran_amt, after_balance_amt, branch_name, account_no) values('2019-05-05','010101','출금','카드대금','KB카드 대금','2000000','15000000','KB분당정자점', 123456789);
insert into deal (tran_date, tran_time, inout_type, tran_type, print_content, tran_amt, after_balance_amt, branch_name, account_no) values('2019-05-15','010101','출금','임대료','임대료','1000000','5000000','KB분당정자점', 123456789);
insert into deal (tran_date, tran_time, inout_type, tran_type, print_content, tran_amt, after_balance_amt, branch_name, account_no) values('2019-05-12','010101','출금','대출','KB국민은행 대출이자','15000000','25000000','KB분당정자점', 123456789);
--------------------------------------------------------------------------------------------------------------
insert into deal (tran_date, tran_time, inout_type, tran_type, print_content, tran_amt, after_balance_amt, branch_name, account_no) values(now(),'010101','입금','급여','oo상여금','200000000','50000000','KB분당정자점', 543123145);
insert into deal (tran_date, tran_time, inout_type, tran_type, print_content, tran_amt, after_balance_amt, branch_name, account_no) values('2019-05-27','010101','입금','급여','월급','250000000','70000000','KB분당정자점', 543123145);
insert into deal (tran_date, tran_time, inout_type, tran_type, print_content, tran_amt, after_balance_amt, branch_name, account_no) values('2019-05-26','015101','입금','투자','00펀드','100000000','30000000','KB분당정자점', 543123145);
insert into deal (tran_date, tran_time, inout_type, tran_type, print_content, tran_amt, after_balance_amt, branch_name, account_no) values(now(),'015101','출금','공과금','수도세','2000000','4000000','KB분당정자점', 543123145);   
insert into deal (tran_date, tran_time, inout_type, tran_type, print_content, tran_amt, after_balance_amt, branch_name, account_no) values('2019-05-27','010101','출금','공과금','전기세','3000000','7000000','KB분당정자점', 543123145);
insert into deal (tran_date, tran_time, inout_type, tran_type, print_content, tran_amt, after_balance_amt, branch_name, account_no) values('2019-05-26','010101','출금','보험','보험료','5000000','1000000','KB분당정자점', 543123145);
insert into deal (tran_date, tran_time, inout_type, tran_type, print_content, tran_amt, after_balance_amt, branch_name, account_no) values('2019-05-10','010101','출금','통신','통신료','5000000','15000000','KB분당정자점', 543123145);
insert into deal (tran_date, tran_time, inout_type, tran_type, print_content, tran_amt, after_balance_amt, branch_name, account_no) values('2019-05-05','010101','출금','카드대금','KB카드 대금','2000000','15000000','KB분당정자점', 543123145);
insert into deal (tran_date, tran_time, inout_type, tran_type, print_content, tran_amt, after_balance_amt, branch_name, account_no) values('2019-05-10','010101','출금','임대료','임대료','1000000','5000000','KB분당정자점', 543123145);
insert into deal (tran_date, tran_time, inout_type, tran_type, print_content, tran_amt, after_balance_amt, branch_name, account_no) values('2019-05-01','010101','출금','대출','KB국민은행 대출이자','15000000','25000000','KB분당정자점', 543123145);
--------------------------------------------------------------------------------------------------------
insert into deal (tran_date, tran_time, inout_type, tran_type, print_content, tran_amt, after_balance_amt, branch_name, account_no) values(now(),'010101','입금','급여','oo상여금','200000000','50000000','KB분당정자점',  223456654);
insert into deal (tran_date, tran_time, inout_type, tran_type, print_content, tran_amt, after_balance_amt, branch_name, account_no) values('2019-04-27','010101','입금','급여','월급','250000000','70000000','KB분당정자점',  223456654);
insert into deal (tran_date, tran_time, inout_type, tran_type, print_content, tran_amt, after_balance_amt, branch_name, account_no) values('2019-04-26','015101','입금','채권','00채권형','100000000','30000000','KB분당정자점',  223456654);
insert into deal (tran_date, tran_time, inout_type, tran_type, print_content, tran_amt, after_balance_amt, branch_name, account_no) values(now(),'015101','출금','공과금','수도세','154000','40000','KB분당정자점', 543123145);   
insert into deal (tran_date, tran_time, inout_type, tran_type, print_content, tran_amt, after_balance_amt, branch_name, account_no) values('2019-04-27','010101','출금','적금','KB종합통장-보통적금','250000','700000','KB분당정자점', 543123145);
insert into deal (tran_date, tran_time, inout_type, tran_type, print_content, tran_amt, after_balance_amt, branch_name, account_no) values('2019-04-26','010101','출금','보험','보험료','770000','100000','KB분당정자점', 543123145);
insert into deal (tran_date, tran_time, inout_type, tran_type, print_content, tran_amt, after_balance_amt, branch_name, account_no) values('2019-04-10','010101','출금','통신','통신료','800000','1550000','KB분당정자점', 543123145);
insert into deal (tran_date, tran_time, inout_type, tran_type, print_content, tran_amt, after_balance_amt, branch_name, account_no) values('2019-04-05','010101','출금','기타','인건비','2700000','18000000','KB분당정자점', 543123145);
insert into deal (tran_date, tran_time, inout_type, tran_type, print_content, tran_amt, after_balance_amt, branch_name, account_no) values('2019-04-10','010101','출금','임대료','임대료','1520000','5100000','KB분당정자점', 543123145);
insert into deal (tran_date, tran_time, inout_type, tran_type, print_content, tran_amt, after_balance_amt, branch_name, account_no) values('2019-04-01','010101','출금','적금','KB종합통장-저축예금료','180000','2500000','KB분당정자점', 543123145);
insert into deal (tran_date, tran_time, inout_type, tran_type, print_content, tran_amt, after_balance_amt, branch_name, account_no) values(now(),'010101','입금','급여','oo상여금','200000000','50000000','KB분당정자점', 123456789);
insert into deal (tran_date, tran_time, inout_type, tran_type, print_content, tran_amt, after_balance_amt, branch_name, account_no) values('2019-04-27','010101','입금','급여','00월급','2500000','70000000','KB분당정자점', 123456789);
insert into deal (tran_date, tran_time, inout_type, tran_type, print_content, tran_amt, after_balance_amt, branch_name, account_no) values('2019-04-26','015101','입금','투자','00펀드','100000000','30000000','KB분당정자점', 123456789); 
insert into deal (tran_date, tran_time, inout_type, tran_type, print_content, tran_amt, after_balance_amt, branch_name, account_no) values(now(),'015101','출금','통신','통신료','2000000','4000000','KB분당정자점', 123456789);   
insert into deal (tran_date, tran_time, inout_type, tran_type, print_content, tran_amt, after_balance_amt, branch_name, account_no) values('2019-04-27','010101','출금','공과금','전기세','2000000','7000000','KB분당정자점', 123456789);
insert into deal (tran_date, tran_time, inout_type, tran_type, print_content, tran_amt, after_balance_amt, branch_name, account_no) values('2019-04-26','010101','출금','임대료','임대료','200000','1000000','KB분당정자점', 123456789);
insert into deal (tran_date, tran_time, inout_type, tran_type, print_content, tran_amt, after_balance_amt, branch_name, account_no) values('2019-04-10','010101','출금','통신','통신료','900000','15000000','KB분당정자점', 123456789);
insert into deal (tran_date, tran_time, inout_type, tran_type, print_content, tran_amt, after_balance_amt, branch_name, account_no) values('2019-04-05','010101','출금','카드대금','KB카드 대금','700000','15000000','KB분당정자점', 123456789);
insert into deal (tran_date, tran_time, inout_type, tran_type, print_content, tran_amt, after_balance_amt, branch_name, account_no) values('2019-04-15','010101','출금','임대료','임대료','1000000','5000000','KB분당정자점', 123456789);
insert into deal (tran_date, tran_time, inout_type, tran_type, print_content, tran_amt, after_balance_amt, branch_name, account_no) values('2019-04-12','010101','출금','대출','KB국민은행 대출이자','15000','25000000','KB분당정자점', 123456789);
---------------------------------------------------------------------------------
insert into deal (tran_date, tran_time, inout_type, tran_type, print_content, tran_amt, after_balance_amt, branch_name, account_no) values(now(),'010101','입금','급여','oo상여금','200000000','50000000','KB분당정자점', 543123145);
insert into deal (tran_date, tran_time, inout_type, tran_type, print_content, tran_amt, after_balance_amt, branch_name, account_no) values('2019-04-27','010101','입금','급여','월급','1200000','70000000','KB분당정자점', 543123145);
insert into deal (tran_date, tran_time, inout_type, tran_type, print_content, tran_amt, after_balance_amt, branch_name, account_no) values('2019-04-26','015101','입금','채권','00채권형','100000000','30000000','KB분당정자점', 543123145);
insert into deal (tran_date, tran_time, inout_type, tran_type, print_content, tran_amt, after_balance_amt, branch_name, account_no) values(now(),'015101','출금','공과금','수도세','2000000','4000000','KB분당정자점', 543123145);   
insert into deal (tran_date, tran_time, inout_type, tran_type, print_content, tran_amt, after_balance_amt, branch_name, account_no) values('2019-04-27','010101','출금','공과금','전기세','2000000','7000000','KB분당정자점', 543123145);
insert into deal (tran_date, tran_time, inout_type, tran_type, print_content, tran_amt, after_balance_amt, branch_name, account_no) values('2019-04-26','010101','출금','보험','보험료','200000','1000000','KB분당정자점', 543123145);
insert into deal (tran_date, tran_time, inout_type, tran_type, print_content, tran_amt, after_balance_amt, branch_name, account_no) values('2019-04-10','010101','출금','통신','통신료','1000000','15000000','KB분당정자점', 543123145);
insert into deal (tran_date, tran_time, inout_type, tran_type, print_content, tran_amt, after_balance_amt, branch_name, account_no) values('2019-04-05','010101','출금','카드대금','KB카드 대금','2000000','15000000','KB분당정자점', 543123145);
insert into deal (tran_date, tran_time, inout_type, tran_type, print_content, tran_amt, after_balance_amt, branch_name, account_no) values('2019-04-10','010101','출금','임대료','임대료','1000000','5000000','KB분당정자점', 543123145);
insert into deal (tran_date, tran_time, inout_type, tran_type, print_content, tran_amt, after_balance_amt, branch_name, account_no) values('2019-04-01','010101','출금','대출','KB국민은행 대출이자','300000','25000000','KB분당정자점', 543123145);
insert into deal (tran_date, tran_time, inout_type, tran_type, print_content, tran_amt, after_balance_amt, branch_name, account_no) values(now(),'010101','입금','급여','oo상여금','200000000','50000000','KB분당정자점',  223456654);
insert into deal (tran_date, tran_time, inout_type, tran_type, print_content, tran_amt, after_balance_amt, branch_name, account_no) values('2019-03-27','010101','입금','급여','월급','250000000','70000000','KB분당정자점',  223456654);
insert into deal (tran_date, tran_time, inout_type, tran_type, print_content, tran_amt, after_balance_amt, branch_name, account_no) values('2019-03-26','015101','입금','채권','00채권형','100000000','30000000','KB분당정자점',  223456654);
insert into deal (tran_date, tran_time, inout_type, tran_type, print_content, tran_amt, after_balance_amt, branch_name, account_no) values(now(),'015101','출금','공과금','수도세','154000','40000','KB분당정자점', 543123145);   
insert into deal (tran_date, tran_time, inout_type, tran_type, print_content, tran_amt, after_balance_amt, branch_name, account_no) values('2019-03-27','010101','출금','적금','KB종합통장-보통적금','250000','700000','KB분당정자점', 543123145);
insert into deal (tran_date, tran_time, inout_type, tran_type, print_content, tran_amt, after_balance_amt, branch_name, account_no) values('2019-03-26','010101','출금','보험','보험료','770000','100000','KB분당정자점', 543123145);
insert into deal (tran_date, tran_time, inout_type, tran_type, print_content, tran_amt, after_balance_amt, branch_name, account_no) values('2019-03-10','010101','출금','통신','통신료','800000','1550000','KB분당정자점', 543123145);
insert into deal (tran_date, tran_time, inout_type, tran_type, print_content, tran_amt, after_balance_amt, branch_name, account_no) values('2019-03-05','010101','출금','기타','인건비','2700000','18000000','KB분당정자점', 543123145);
insert into deal (tran_date, tran_time, inout_type, tran_type, print_content, tran_amt, after_balance_amt, branch_name, account_no) values('2019-03-10','010101','출금','임대료','임대료','1520000','5100000','KB분당정자점', 543123145);
insert into deal (tran_date, tran_time, inout_type, tran_type, print_content, tran_amt, after_balance_amt, branch_name, account_no) values('2019-03-01','010101','출금','적금','KB종합통장-저축예금료','180000','2500000','KB분당정자점', 543123145);
insert into deal (tran_date, tran_time, inout_type, tran_type, print_content, tran_amt, after_balance_amt, branch_name, account_no) values(now(),'010101','입금','급여','oo상여금','200000000','50000000','KB분당정자점', 123456789);
insert into deal (tran_date, tran_time, inout_type, tran_type, print_content, tran_amt, after_balance_amt, branch_name, account_no) values('2019-03-27','010101','입금','급여','00월급','2500000','70000000','KB분당정자점', 123456789);
insert into deal (tran_date, tran_time, inout_type, tran_type, print_content, tran_amt, after_balance_amt, branch_name, account_no) values('2019-03-26','015101','입금','투자','00펀드','100000000','30000000','KB분당정자점', 123456789);
insert into deal (tran_date, tran_time, inout_type, tran_type, print_content, tran_amt, after_balance_amt, branch_name, account_no) values(now(),'015101','출금','통신','통신료','2000000','4000000','KB분당정자점', 123456789);   
insert into deal (tran_date, tran_time, inout_type, tran_type, print_content, tran_amt, after_balance_amt, branch_name, account_no) values('2019-03-27','010101','출금','공과금','전기세','2000000','7000000','KB분당정자점', 123456789);
insert into deal (tran_date, tran_time, inout_type, tran_type, print_content, tran_amt, after_balance_amt, branch_name, account_no) values('2019-03-26','010101','출금','임대료','임대료','200000','1000000','KB분당정자점', 123456789);
insert into deal (tran_date, tran_time, inout_type, tran_type, print_content, tran_amt, after_balance_amt, branch_name, account_no) values('2019-03-10','010101','출금','통신','통신료','900000','15000000','KB분당정자점', 123456789);
insert into deal (tran_date, tran_time, inout_type, tran_type, print_content, tran_amt, after_balance_amt, branch_name, account_no) values('2019-03-05','010101','출금','카드대금','KB카드 대금','700000','15000000','KB분당정자점', 123456789);
insert into deal (tran_date, tran_time, inout_type, tran_type, print_content, tran_amt, after_balance_amt, branch_name, account_no) values('2019-03-15','010101','출금','임대료','임대료','1000000','5000000','KB분당정자점', 123456789);
insert into deal (tran_date, tran_time, inout_type, tran_type, print_content, tran_amt, after_balance_amt, branch_name, account_no) values('2019-03-12','010101','출금','대출','KB국민은행 대출이자','15000','25000000','KB분당정자점', 123456789);